PhosphoSiteID,KinaseID,TargetID,log2FC,pValue
S167,AURKB,MPHOSPH10,1.5,0.07
S171,AURKB,MPHOSPH10,1.5,0.07
S163,AURKB,MPHOSPH10,1.01,0.31
S119,CSNK2A1,PDCD5,1.9,0.0013
S339,MTOR,OXSR1,3.02,0.00076
S138,AKT1,BCL10,0.56,0.0047
T19,CHEK1,LMNA,-1.74,0.011
S392,CHEK1,LMNA,-0.63,0.003
S22,CHEK1,LMNA,-1.74,0.011
S458,CHEK1,LMNA,0.55,0.15
S390,CHEK1,LMNA,-0.63,0.003
S78,MAPK14,HSPB1,0.79,0.0033
S78,AKT1,HSPB1,0.79,0.0033
S82,AKT1,HSPB1,0.79,0.0033
S15,MAPK14,HSPB1,0.36,0.54
S15,AKT1,HSPB1,0.36,0.54
S82,MAPK14,HSPB1,0.79,0.0033
S7,CSNK2A1,HMGN1,0.77,0.57
T199,AURKB,NPM1,-0.82,0.43
S254,CSNK2A1,NPM1,-1.15,0.00073
T199,CSNK2A1,NPM1,-0.82,0.43
S125,AURKB,NPM1,1.95,0.00062
S125,CSNK2A1,NPM1,1.95,0.00062
S125,AKT1,NPM1,1.95,0.00062
S254,AKT1,NPM1,-1.15,0.00073
T199,AKT1,NPM1,-0.82,0.43
S260,CSNK2A1,NPM1,-1.65,0.0026
S260,AKT1,NPM1,-1.65,0.0026
S260,AURKB,NPM1,-1.65,0.0026
S254,AURKB,NPM1,-1.15,0.00073
S7,AURKB,H2BC11,1.54,0.07
S7,AKT1,H2BC11,1.54,0.07
S255,CSNK2A1,HSP90AB1,1.62,0.0056
S255,AURKB,HSP90AB1,1.62,0.0056
S42,AKT1,VIM,-1.96,0.11
S459,AKT1,VIM,-1.53,0.0061
S459,AURKB,VIM,-1.53,0.0061
S430,AKT1,VIM,0.58,0.47
S430,AURKB,VIM,0.58,0.47
S42,AURKB,VIM,-1.96,0.11
S325,AKT1,VIM,0.73,0.24
S56,AKT1,VIM,-1.96,0.25
S56,AURKB,VIM,-1.96,0.25
S325,AURKB,VIM,0.73,0.24
S6,AKT1,HNRNPA1,1.12,0.0023
S6,CSNK2A1,HNRNPA1,1.12,0.0023
S1213,CSNK2A1,TOP2A,-0.36,0.24
S1525,CSNK2A1,TOP2A,1.74,0.0077
S224,CSNK2A1,SRF,0.86,0.0033
T455,CHEK1,XRCC6,0.85,0.01
S37,AKT1,PKM,1.18,0.0029
S37,AURKB,PKM,1.18,0.0029
S446,AKT1,BRAF,1.01,0.036
S151,AKT1,BRAF,2.57,0.04
S103,CSNK2A1,HMGA1,1.6,0.013
S102,CSNK2A1,HMGA1,1.83,0.0072
S51,AURKB,NELFE,-0.51,0.34
S115,AURKB,NELFE,0.71,0.41
S66,CHEK1,LIG1,0.88,0.15
S66,CSNK2A1,LIG1,0.88,0.15
S76,CHEK1,LIG1,0.88,0.15
S76,CSNK2A1,LIG1,0.88,0.15
S186,MAPK14,USF1,2.29,4.9e-05
S85,CHEK1,HNRNPA2B1,1.56,0.00016
S259,CHEK1,HNRNPA2B1,-0.67,0.097
S143,AKT1,DNMT1,0.02,0.95
S714,AKT1,DNMT1,1.96,0.0021
S143,MTOR,DNMT1,0.02,0.95
S714,MTOR,DNMT1,1.96,0.0021
S641,CSNK2A1,CTNNA1,3.5,0.00017
S1943,CSNK2A1,MYH9,0.9,0.12
S1956,CSNK2A1,MYH10,0,0
S1956,AURKB,MYH10,0,0
S358,CHEK1,ADD1,0.29,0.34
S23,CHEK1,MAP2K2,0.78,0.25
S727,MAPK14,STAT1,0.12,0.8
S727,CSNK2A1,STAT1,0.12,0.8
S188,CHEK1,MATR3,1.59,0.0016
S598,CHEK1,MATR3,-0.69,0.1
S90,AKT1,MAP2K4,0.35,0.29
S2708,CHEK1,MKI67,-1.12,0.013
S3041,AURKB,MKI67,-1.25,0.0013
S579,CHEK1,MKI67,-1.03,0.087
S3041,CHEK1,MKI67,-1.25,0.0013
S1376,AURKB,MKI67,-2.01,0.04
S2708,AURKB,MKI67,-1.12,0.013
S1758,CHEK1,MKI67,-0.97,0.0066
S1071,AURKB,MKI67,-0.97,0.099
S1376,CHEK1,MKI67,-2.01,0.04
S1679,AURKB,MKI67,-1.84,0.029
S1679,CHEK1,MKI67,-1.84,0.029
S2223,CHEK1,MKI67,-1.35,0.11
S2528,CHEK1,MKI67,-2,0.049
S1131,CHEK1,MKI67,-0.24,0.63
S584,CHEK1,MKI67,-1.55,0.11
S579,AURKB,MKI67,-1.03,0.087
S584,AURKB,MKI67,-1.55,0.11
S1131,AURKB,MKI67,-0.24,0.63
S2528,AURKB,MKI67,-2,0.049
R1760,AURKB,MKI67,-0.32,0.55
S1758,AURKB,MKI67,-0.97,0.0066
S1071,CHEK1,MKI67,-0.97,0.099
R1760,CHEK1,MKI67,-0.32,0.55
S2223,AURKB,MKI67,-1.35,0.11
T2458,CHEK1,RANBP2,0.63,0.15
T2153,CHEK1,RANBP2,-0.1,0.86
S2510,CHEK1,RANBP2,-1.49,0.0054
S227,AKT1,RPS6KA3,0,0
S369,AKT1,RPS6KA3,0.73,0.023
S715,AKT1,RPS6KA3,0.07,0.82
T315,CSNK2A1,CCNH,1.25,0.0048
S481,AKT1,ACLY,0.83,0.014
S455,AKT1,ACLY,0.69,0.029
S298,MAPK14,LIMK1,0.28,0.66
S10,CSNK2A1,EIF5,0.28,0.12
S5,AKT1,SRSF3,0.2,0.64
S363,MTOR,HSF1,1.97,0.00068
S363,AKT1,HSF1,1.97,0.00068
S363,MAPK14,HSF1,1.97,0.00068
S94,CSNK2A1,XPC,2.13,0.042
S1596,CSNK2A1,EIF4G1,1.91,0.00073
S1187,CSNK2A1,EIF4G1,0.07,0.6
S1147,CSNK2A1,EIF4G1,-0.61,0.17
S1145,CSNK2A1,EIF4G1,-0.61,0.17
S444,CSNK2A1,SSRP1,3.03,6.8e-05
S844,CHEK1,CAMSAP2,-0.55,0.082
S1068,CHEK1,GTF3C1,1.25,0.051
S1426,CHEK1,TP53BP1,-0.43,0.33
S500,CHEK1,TP53BP1,0.74,0.34
S552,AURKB,TP53BP1,2.36,0.0055
S1430,AURKB,TP53BP1,0.31,0.22
S1426,AURKB,TP53BP1,-0.43,0.33
S552,CHEK1,TP53BP1,2.36,0.0055
S1094,AURKB,TP53BP1,0.76,0.061
S1219,CHEK1,TP53BP1,0.77,0.0016
S1094,CHEK1,TP53BP1,0.76,0.061
S1216,AURKB,TP53BP1,0.77,0.0016
S500,AURKB,TP53BP1,0.74,0.34
S1430,CHEK1,TP53BP1,0.31,0.22
S1216,CHEK1,TP53BP1,0.77,0.0016
S1219,AURKB,TP53BP1,0.77,0.0016
S320,AKT1,STK4,2.06,0.0074
S320,CHEK1,STK4,2.06,0.0074
S316,AKT1,STK3,2.18,0.012
S473,CHEK1,TRIM28,0.08,0.81
S473,MAPK14,TRIM28,0.08,0.81
S50,MAPK14,TRIM28,0.57,0.059
S50,CHEK1,TRIM28,0.57,0.059
S393,CSNK2A1,HDAC1,2.78,0.0057
S280,CSNK2A1,TNFAIP1,1.42,0.00065
S342,CHEK1,CDK13,-0.67,0.27
S437,CHEK1,CDK13,0.28,0.37
S348,CHEK1,CDK13,-0.3,0.7
S439,CHEK1,CDK13,0.28,0.37
S397,CHEK1,CDK13,-0.72,0.033
S400,CHEK1,CDK13,-0.72,0.033
S358,CHEK1,CDK13,2.01,0.01
T2446,AKT1,FLNC,0.26,0.57
S2598,AKT1,FLNC,-0.75,0.22
S1728,AKT1,FLNC,-0.04,0.91
S1527,AKT1,FLNC,0.08,0.72
T2677,AKT1,FLNC,0.39,0.62
S2233,AKT1,FLNC,-0.42,0.091
S1427,CHEK1,TRIP12,-1.42,0.073
S241,CHEK1,TRIP12,-0.39,0.44
T1421,CHEK1,TRIP12,-1.42,0.073
S1376,CHEK1,TRIP12,2.34,4e-04
S238,CHEK1,TRIP12,-0.39,0.44
S239,CHEK1,TRIP12,-0.39,0.44
S1820,CSNK2A1,MDC1,0.25,0.54
S495,CSNK2A1,MDC1,1.72,0.00011
S485,CHEK1,MDC1,0.87,0.11
S498,CSNK2A1,MDC1,1.72,0.00011
S498,CHEK1,MDC1,1.72,0.00011
S505,CHEK1,MDC1,0.6,0.02
T242,CSNK2A1,MDC1,0.35,0.33
S1820,CHEK1,MDC1,0.25,0.54
S505,CSNK2A1,MDC1,0.6,0.02
S495,CHEK1,MDC1,1.72,0.00011
S485,CSNK2A1,MDC1,0.87,0.11
T242,CHEK1,MDC1,0.35,0.33
S169,AURKB,NUMA1,1.98,0.02
S218,CSNK2A1,SEPTIN2,2.61,4.9e-05
S104,AKT1,PEA15,0.52,0.37
S116,AKT1,PEA15,1.29,0.02
S4386,AURKB,PLEC,-0.2,0.37
S4396,AURKB,PLEC,-0.86,0.13
S4613,AURKB,PLEC,0.15,0.55
S1721,AURKB,PLEC,0.48,0.015
S720,AURKB,PLEC,0.83,0.1
S1435,AURKB,PLEC,0.44,0.29
T4030,AURKB,PLEC,1.08,0.017
S4389,AURKB,PLEC,-0.2,0.37
T2886,AURKB,PLEC,1.27,4e-04
S1223,CHEK1,MED1,0.51,0.14
T487,MAPK14,EZH2,1.77,5e-05
T416,AKT1,EZH2,-0.46,0.16
T487,AKT1,EZH2,1.77,5e-05
T416,MAPK14,EZH2,-0.46,0.16
S244,CHEK1,CCDC6,0.8,0.071
S323,CHEK1,CCDC6,-0.78,0.0016
S457,AKT1,PDCD4,-0.29,0.34
S94,AKT1,PDCD4,1.08,0.0042
S326,AURKB,COBLL1,0.69,0.13
T260,AURKB,COBLL1,-0.52,0.42
S256,AURKB,COBLL1,-0.86,0.13
S7,AURKB,H2BC18,1.55,0.076
S7,AKT1,H2BC18,1.55,0.076
S3860,MTOR,UBR4,0.11,0.78
S795,CHEK1,RBM26,0.95,0.085
T925,CHEK1,CTR9,1.43,0.016
S774,MTOR,LARP1,-1.23,0.0015
T649,MTOR,LARP1,-0.38,0.32
S546,MTOR,LARP1,0.85,0.21
S517,MTOR,LARP1,-0.68,0.38
S524,MTOR,SRRM1,0,0
S450,MTOR,SRRM1,0.88,0.093
S740,MTOR,SRRM1,-1.34,0.00079
S530,MTOR,SRRM1,0,0
S526,MTOR,SRRM1,0,0
S402,MTOR,SRRM1,-0.27,0.48
S713,MTOR,SRRM1,2.06,0.0011
S696,MTOR,SRRM1,0.11,0.9
T872,MTOR,SRRM1,-0.23,0.63
S597,MTOR,SRRM1,0.74,0.022
S874,MTOR,SRRM1,1.42,0.15
S626,MTOR,SRRM1,0.09,0.88
S393,MTOR,SRRM1,1.75,0.1
S738,MTOR,SRRM1,-1.34,0.00079
S528,MTOR,SRRM1,0,0
S628,MTOR,SRRM1,0.09,0.88
S389,MTOR,SRRM1,0.59,0.23
S228,CSNK2A1,ABCF1,3.09,0.00016
S109,CSNK2A1,ABCF1,1.47,4e-04
S1475,AURKB,GBF1,2.74,0.00026
S1475,CSNK2A1,GBF1,2.74,0.00026
T244,CSNK2A1,ANP32B,1.33,0.065
S394,CSNK2A1,HDAC2,3.43,4.9e-05
S181,MAPK14,KHSRP,0.41,0.12
S181,AKT1,KHSRP,0.41,0.12
S782,CHEK1,ARHGEF2,0.4,0.31
S648,CHEK1,ARHGEF2,0.96,0.024
S645,CHEK1,ARHGEF2,0.56,0.0088
S202,MAPK14,KAT5,1.48,0.02
S199,MAPK14,KAT5,1.48,0.02
S155,MAPK14,RBM17,3.61,4e-04
S163,CHEK1,BUD13,0.79,0.15
T159,CHEK1,BUD13,-0.07,0.91
S271,CHEK1,BUD13,-0.63,0.38
S235,CHEK1,BUD13,0.65,0.0074
S708,AKT1,NIBAN1,2.09,6e-04
S82,CHEK1,DDX24,1.17,0.0079
S101,AKT1,RANBP3,1.15,0.024
S108,AKT1,RANBP3,2.02,0.0021
S315,AURKB,SH2D4A,0,0
S611,AURKB,ARHGAP23,0.28,0.08
S647,AURKB,ARHGAP23,0.63,0.01
S623,AURKB,ARHGAP23,0.57,0.087
S361,AURKB,ARHGAP23,0,0
T268,AKT1,METTL1,-0.49,0.1
S1342,MAPK14,BAZ1B,0.66,0.038
S1468,MAPK14,BAZ1B,2.34,0.00017
S349,MAPK14,BAZ1B,-0.45,0.24
S295,CHEK1,RALY,0,0
S135,CHEK1,RALY,-0.25,0.48
S288,CHEK1,RALY,2.72,0.00078
T298,CHEK1,RALY,1.1,0.0017
T286,CHEK1,RALY,0.85,0.0013
S216,AKT1,ACIN1,1.54,0.0028
S657,AKT1,ACIN1,0.67,0.0091
S388,AKT1,ACIN1,0.09,0.94
S655,AKT1,ACIN1,-1.28,0.081
S386,AKT1,ACIN1,0.09,0.94
S240,AKT1,ACIN1,-1.01,0.011
S561,AKT1,ACIN1,0.33,0.58
S243,AKT1,ACIN1,-1.01,0.011
S1004,AKT1,ACIN1,0.88,0.014
S895,CHEK1,SRRM2,1.05,0.25
T2069,MTOR,SRRM2,0.29,0.71
S1750,CHEK1,SRRM2,-0.1,0.9
S952,CHEK1,SRRM2,-1.04,0.0048
S1521,MTOR,SRRM2,-0.91,0.037
T2104,CHEK1,SRRM2,-1.34,0.027
S1600,CHEK1,SRRM2,0.44,0.48
S1188,CHEK1,SRRM2,-0.06,0.9
S1522,CHEK1,SRRM2,-1,0.26
T1531,CHEK1,SRRM2,0.47,0.22
S1732,CHEK1,SRRM2,-1.31,0.27
S1581,CHEK1,SRRM2,-0.51,0.32
S2102,CHEK1,SRRM2,-1.34,0.027
S790,CHEK1,SRRM2,0.24,0.45
T792,CHEK1,SRRM2,0.24,0.45
T1531,MTOR,SRRM2,0.47,0.22
S1864,CHEK1,SRRM2,-0.24,0.77
S895,MTOR,SRRM2,1.05,0.25
S1579,MTOR,SRRM2,-0.41,0.35
S353,MTOR,SRRM2,-0.82,0.12
S883,CHEK1,SRRM2,0.19,0.6
T1492,CHEK1,SRRM2,-1.47,0.063
S1179,CHEK1,SRRM2,-0.33,0.29
S1731,MTOR,SRRM2,1.48,0.11
S1727,CHEK1,SRRM2,0.93,0.19
S782,CHEK1,SRRM2,-0.12,0.91
S1521,CHEK1,SRRM2,-0.91,0.037
S1975,CHEK1,SRRM2,0.84,0.018
S764,CHEK1,SRRM2,0.07,0.93
S1579,CHEK1,SRRM2,-0.41,0.35
S2071,MTOR,SRRM2,0.29,0.71
S1589,CHEK1,SRRM2,-0.62,0.17
S1592,CHEK1,SRRM2,-0.62,0.17
S1589,MTOR,SRRM2,-0.62,0.17
S954,MTOR,SRRM2,-1.04,0.0048
S353,CHEK1,SRRM2,-0.82,0.12
S763,CHEK1,SRRM2,0.07,0.93
T2069,CHEK1,SRRM2,0.29,0.71
S144,CHEK1,SRRM2,-0.21,0.74
S1497,MTOR,SRRM2,-1.47,0.063
T792,MTOR,SRRM2,0.24,0.45
S876,CHEK1,SRRM2,0.9,0.01
T1434,CHEK1,SRRM2,0.66,0.19
S2071,CHEK1,SRRM2,0.29,0.71
S2100,CHEK1,SRRM2,-1.49,0.066
S2100,MTOR,SRRM2,-1.49,0.066
S1592,MTOR,SRRM2,-0.62,0.17
S1729,MTOR,SRRM2,2.95,0.063
S2102,MTOR,SRRM2,-1.34,0.027
S780,CHEK1,SRRM2,-1.07,0.11
S1975,MTOR,SRRM2,0.84,0.018
S1749,CHEK1,SRRM2,-0.1,0.9
S954,CHEK1,SRRM2,-1.04,0.0048
S1750,MTOR,SRRM2,-0.1,0.9
S1537,MTOR,SRRM2,-0.56,0.25
S1537,CHEK1,SRRM2,-0.56,0.25
S883,MTOR,SRRM2,0.19,0.6
S2046,CHEK1,SRRM2,-0.46,0.32
S782,MTOR,SRRM2,-0.12,0.91
S1729,CHEK1,SRRM2,2.95,0.063
S876,MTOR,SRRM2,0.9,0.01
S2382,CHEK1,SRRM2,-1.56,0.01
S1497,CHEK1,SRRM2,-1.47,0.063
S875,MTOR,SRRM2,-0.8,0.18
S1731,CHEK1,SRRM2,1.48,0.11
S1727,MTOR,SRRM2,0.93,0.19
S1581,MTOR,SRRM2,-0.51,0.32
S952,MTOR,SRRM2,-1.04,0.0048
S790,MTOR,SRRM2,0.24,0.45
S2046,MTOR,SRRM2,-0.46,0.32
S957,MTOR,SRRM2,-1.24,0.069
S1522,MTOR,SRRM2,-1,0.26
S763,MTOR,SRRM2,0.07,0.93
T1413,CHEK1,SRRM2,-0.21,0.37
S1732,MTOR,SRRM2,-1.31,0.27
T1413,MTOR,SRRM2,-0.21,0.37
S1749,MTOR,SRRM2,-0.1,0.9
S2581,MTOR,SRRM2,1.41,0.0069
S144,MTOR,SRRM2,-0.21,0.74
S1864,MTOR,SRRM2,-0.24,0.77
S2581,CHEK1,SRRM2,1.41,0.0069
T1434,MTOR,SRRM2,0.66,0.19
S1600,MTOR,SRRM2,0.44,0.48
T1492,MTOR,SRRM2,-1.47,0.063
S780,MTOR,SRRM2,-1.07,0.11
S1188,MTOR,SRRM2,-0.06,0.9
S1179,MTOR,SRRM2,-0.33,0.29
S875,CHEK1,SRRM2,-0.8,0.18
S764,MTOR,SRRM2,0.07,0.93
S957,CHEK1,SRRM2,-1.24,0.069
S2382,MTOR,SRRM2,-1.56,0.01
T2104,MTOR,SRRM2,-1.34,0.027
A422,CSNK2A1,CTDP1,0.24,0.46
S56,AKT1,RBM8A,2.46,4.9e-05
S42,AKT1,RBM8A,0.43,0.081
