PhosphoSiteID,KinaseID,TargetID,log2FC,pValue
S167,AURKB,MPHOSPH10,1.13,0.13
S171,AURKB,MPHOSPH10,2.08,0.03
S163,AURKB,MPHOSPH10,2.08,0.03
S119,CSNK2A1,PDCD5,1.81,0.0014
S339,MTOR,OXSR1,3.9,9.6e-05
S138,AKT1,BCL10,0.4,0.02
T19,CHEK1,LMNA,0.58,0.039
S392,CHEK1,LMNA,0.22,0.19
S22,CHEK1,LMNA,-0.78,0.0013
S458,CHEK1,LMNA,0.32,0.36
S390,CHEK1,LMNA,0.53,0.095
S78,MAPK14,HSPB1,1.06,0.00031
S78,AKT1,HSPB1,1.06,0.00031
S82,AKT1,HSPB1,1.06,0.00031
S15,MAPK14,HSPB1,-0.56,0.27
S15,AKT1,HSPB1,-0.56,0.27
S82,MAPK14,HSPB1,1.06,0.00031
S7,CSNK2A1,HMGN1,0,0
T199,AURKB,NPM1,0.66,0.48
S254,CSNK2A1,NPM1,-0.33,0.18
T199,CSNK2A1,NPM1,0.66,0.48
S125,AURKB,NPM1,2.37,9.6e-05
S125,CSNK2A1,NPM1,2.37,9.6e-05
S125,AKT1,NPM1,2.37,9.6e-05
S254,AKT1,NPM1,-0.33,0.18
T199,AKT1,NPM1,0.66,0.48
S260,CSNK2A1,NPM1,-0.31,0.42
S260,AKT1,NPM1,-0.31,0.42
S260,AURKB,NPM1,-0.31,0.42
S254,AURKB,NPM1,-0.33,0.18
S7,AURKB,H2BC11,1.61,0.043
S7,AKT1,H2BC11,1.61,0.043
S255,CSNK2A1,HSP90AB1,1.59,0.004
S255,AURKB,HSP90AB1,1.59,0.004
S42,AKT1,VIM,-0.73,0.64
S459,AKT1,VIM,-0.68,0.13
S459,AURKB,VIM,-0.68,0.13
S430,AKT1,VIM,0.46,0.53
S430,AURKB,VIM,0.46,0.53
S42,AURKB,VIM,-0.73,0.64
S325,AKT1,VIM,0.55,0.32
S56,AKT1,VIM,-3.42,0.037
S56,AURKB,VIM,-3.42,0.037
S325,AURKB,VIM,0.55,0.32
S6,AKT1,HNRNPA1,0.79,0.012
S6,CSNK2A1,HNRNPA1,0.79,0.012
S1213,CSNK2A1,TOP2A,-0.52,0.066
S1525,CSNK2A1,TOP2A,1.98,0.0025
S224,CSNK2A1,SRF,1.32,0.00028
T455,CHEK1,XRCC6,0.76,0.014
S37,AKT1,PKM,1.39,0.00076
S37,AURKB,PKM,1.39,0.00076
S446,AKT1,BRAF,0.86,0.052
S151,AKT1,BRAF,3.16,0.01
S103,CSNK2A1,HMGA1,2.76,0.00041
S102,CSNK2A1,HMGA1,2.38,0.00088
S51,AURKB,NELFE,-0.17,0.75
S115,AURKB,NELFE,0.42,0.57
S66,CHEK1,LIG1,1,0.046
S66,CSNK2A1,LIG1,1,0.046
S76,CHEK1,LIG1,0.82,0.12
S76,CSNK2A1,LIG1,0.82,0.12
S186,MAPK14,USF1,1.91,5.5e-05
S85,CHEK1,HNRNPA2B1,1.35,0.00023
S259,CHEK1,HNRNPA2B1,-0.37,0.46
S143,AKT1,DNMT1,0.33,0.26
S714,AKT1,DNMT1,2.66,0.00023
S143,MTOR,DNMT1,0.33,0.26
S714,MTOR,DNMT1,2.66,0.00023
S641,CSNK2A1,CTNNA1,3.88,5.5e-05
S1943,CSNK2A1,MYH9,1.28,0.022
S1956,CSNK2A1,MYH10,3.4,0.0082
S1956,AURKB,MYH10,3.4,0.0082
S358,CHEK1,ADD1,0.56,0.052
S23,CHEK1,MAP2K2,0,0
S727,MAPK14,STAT1,0.58,0.12
S727,CSNK2A1,STAT1,0.58,0.12
S188,CHEK1,MATR3,1.9,0.00032
S598,CHEK1,MATR3,-0.64,0.1
S90,AKT1,MAP2K4,0.53,0.078
S2708,CHEK1,MKI67,-1.06,0.012
S3041,AURKB,MKI67,-1.04,0.003
S579,CHEK1,MKI67,-0.82,0.045
S3041,CHEK1,MKI67,-1.04,0.003
S1376,AURKB,MKI67,-2.22,0.018
S2708,AURKB,MKI67,-1.06,0.012
S1758,CHEK1,MKI67,-0.43,0.13
S1071,AURKB,MKI67,-1.06,0.053
S1376,CHEK1,MKI67,-2.22,0.018
S1679,AURKB,MKI67,-2.11,0.01
S1679,CHEK1,MKI67,-2.11,0.01
S2223,CHEK1,MKI67,-2.83,0.0024
S2528,CHEK1,MKI67,-3.01,0.0043
S1131,CHEK1,MKI67,-0.31,0.48
S584,CHEK1,MKI67,-2.63,0.0076
S579,AURKB,MKI67,-0.82,0.045
S584,AURKB,MKI67,-2.63,0.0076
S1131,AURKB,MKI67,-0.31,0.48
S2528,AURKB,MKI67,-3.01,0.0043
R1760,AURKB,MKI67,-0.27,0.57
S1758,AURKB,MKI67,-0.43,0.13
S1071,CHEK1,MKI67,-1.06,0.053
R1760,CHEK1,MKI67,-0.27,0.57
S2223,AURKB,MKI67,-2.83,0.0024
T2458,CHEK1,RANBP2,0.65,0.18
T2153,CHEK1,RANBP2,-0.5,0.27
S2510,CHEK1,RANBP2,-2.07,0.00039
S227,AKT1,RPS6KA3,0,0
S369,AKT1,RPS6KA3,0.69,0.022
S715,AKT1,RPS6KA3,-0.42,0.091
T315,CSNK2A1,CCNH,1.7,0.00039
S481,AKT1,ACLY,0.88,0.0067
S455,AKT1,ACLY,0.46,0.099
S298,MAPK14,LIMK1,0,0
S10,CSNK2A1,EIF5,0.54,0.0049
S5,AKT1,SRSF3,0.32,0.38
S363,MTOR,HSF1,2.49,8.5e-05
S363,AKT1,HSF1,2.49,8.5e-05
S363,MAPK14,HSF1,2.49,8.5e-05
S94,CSNK2A1,XPC,2.54,0.014
S1596,CSNK2A1,EIF4G1,2.09,0.00026
S1187,CSNK2A1,EIF4G1,-0.17,0.13
S1147,CSNK2A1,EIF4G1,-0.86,0.042
S1145,CSNK2A1,EIF4G1,-0.86,0.042
S444,CSNK2A1,SSRP1,3.68,1.1e-05
S844,CHEK1,CAMSAP2,0.52,0.051
S1068,CHEK1,GTF3C1,0.76,0.17
S1426,CHEK1,TP53BP1,-0.73,0.078
S500,CHEK1,TP53BP1,0.64,0.36
S552,AURKB,TP53BP1,2.25,0.0048
S1430,AURKB,TP53BP1,-0.73,0.078
S1426,AURKB,TP53BP1,-0.73,0.078
S552,CHEK1,TP53BP1,2.25,0.0048
S1094,AURKB,TP53BP1,0.67,0.27
S1219,CHEK1,TP53BP1,0.96,0.00026
S1094,CHEK1,TP53BP1,0.67,0.27
S1216,AURKB,TP53BP1,0.96,0.00026
S500,AURKB,TP53BP1,0.64,0.36
S1430,CHEK1,TP53BP1,-0.73,0.078
S1216,CHEK1,TP53BP1,0.96,0.00026
S1219,AURKB,TP53BP1,0.96,0.00026
S320,AKT1,STK4,2.2,0.0034
S320,CHEK1,STK4,2.2,0.0034
S316,AKT1,STK3,3,0.0015
S473,CHEK1,TRIM28,-0.17,0.5
S473,MAPK14,TRIM28,-0.17,0.5
S50,MAPK14,TRIM28,0.83,0.0069
S50,CHEK1,TRIM28,0.83,0.0069
S393,CSNK2A1,HDAC1,3.02,0.0024
S280,CSNK2A1,TNFAIP1,1.41,0.00041
S342,CHEK1,CDK13,-0.7,0.14
S437,CHEK1,CDK13,0.59,0.045
S348,CHEK1,CDK13,-1.09,0.16
S439,CHEK1,CDK13,0.59,0.045
S397,CHEK1,CDK13,0,0
S400,CHEK1,CDK13,0,0
S358,CHEK1,CDK13,1.16,0.049
T2446,AKT1,FLNC,0.74,0.068
S2598,AKT1,FLNC,0.14,0.82
S1728,AKT1,FLNC,-0.38,0.2
S1527,AKT1,FLNC,0.31,0.088
T2677,AKT1,FLNC,0.93,0.17
S2233,AKT1,FLNC,-0.68,0.0078
S1427,CHEK1,TRIP12,-2.44,0.011
S241,CHEK1,TRIP12,-0.53,0.24
T1421,CHEK1,TRIP12,-2.44,0.011
S1376,CHEK1,TRIP12,2.57,7.1e-05
S238,CHEK1,TRIP12,-0.53,0.24
S239,CHEK1,TRIP12,-0.53,0.24
S1820,CSNK2A1,MDC1,-0.41,0.24
S495,CSNK2A1,MDC1,1.6,1e-04
S485,CHEK1,MDC1,0,0
S498,CSNK2A1,MDC1,1.6,1e-04
S498,CHEK1,MDC1,1.6,1e-04
S505,CHEK1,MDC1,0.88,0.0032
T242,CSNK2A1,MDC1,0.61,0.066
S1820,CHEK1,MDC1,-0.41,0.24
S505,CSNK2A1,MDC1,0.88,0.0032
S495,CHEK1,MDC1,1.6,1e-04
S485,CSNK2A1,MDC1,0,0
T242,CHEK1,MDC1,0.61,0.066
S169,AURKB,NUMA1,2.26,0.0074
S218,CSNK2A1,SEPTIN2,3.12,4.4e-06
S104,AKT1,PEA15,0.46,0.39
S116,AKT1,PEA15,1.12,0.029
S4386,AURKB,PLEC,-0.46,0.029
S4396,AURKB,PLEC,-1.39,0.014
S4613,AURKB,PLEC,0.25,0.23
S1721,AURKB,PLEC,0.47,0.011
S720,AURKB,PLEC,0.3,0.51
S1435,AURKB,PLEC,0.88,0.029
T4030,AURKB,PLEC,0.28,0.48
S4389,AURKB,PLEC,-0.46,0.029
T2886,AURKB,PLEC,1.34,2e-04
S1223,CHEK1,MED1,0.98,0.0075
T487,MAPK14,EZH2,1.83,1.9e-05
T416,AKT1,EZH2,-0.85,0.013
T487,AKT1,EZH2,1.83,1.9e-05
T416,MAPK14,EZH2,-0.85,0.013
S244,CHEK1,CCDC6,0.67,0.094
S323,CHEK1,CCDC6,0,0
S457,AKT1,PDCD4,0.14,0.62
S94,AKT1,PDCD4,0.98,0.0049
S326,AURKB,COBLL1,0.76,0.11
T260,AURKB,COBLL1,-0.17,0.81
S256,AURKB,COBLL1,-0.48,0.28
S7,AURKB,H2BC18,1.68,0.042
S7,AKT1,H2BC18,1.68,0.042
S3860,MTOR,UBR4,0.74,0.025
S795,CHEK1,RBM26,0.56,0.25
T925,CHEK1,CTR9,2.12,0.0011
S774,MTOR,LARP1,-1.62,0.00017
T649,MTOR,LARP1,0.46,0.18
S546,MTOR,LARP1,1.64,0.059
S517,MTOR,LARP1,2.48,0.031
S524,MTOR,SRRM1,0.74,0.35
S450,MTOR,SRRM1,1.53,0.005
S740,MTOR,SRRM1,-1.89,5.5e-05
S530,MTOR,SRRM1,0.74,0.35
S526,MTOR,SRRM1,0.74,0.35
S402,MTOR,SRRM1,1.22,0.042
S713,MTOR,SRRM1,2.07,0.00067
S696,MTOR,SRRM1,0.63,0.31
T872,MTOR,SRRM1,0.42,0.29
S597,MTOR,SRRM1,0.47,0.096
S874,MTOR,SRRM1,1.6,0.085
S626,MTOR,SRRM1,0.1,0.84
S393,MTOR,SRRM1,0.73,0.11
S738,MTOR,SRRM1,-1.89,5.5e-05
S528,MTOR,SRRM1,0.74,0.35
S628,MTOR,SRRM1,0.1,0.84
S389,MTOR,SRRM1,0.73,0.11
S228,CSNK2A1,ABCF1,3.41,5.3e-05
S109,CSNK2A1,ABCF1,1.64,0.00012
S1475,AURKB,GBF1,3.17,5.7e-05
S1475,CSNK2A1,GBF1,3.17,5.7e-05
T244,CSNK2A1,ANP32B,1.02,0.11
S394,CSNK2A1,HDAC2,3.79,1.1e-05
S181,MAPK14,KHSRP,0.51,0.045
S181,AKT1,KHSRP,0.51,0.045
S782,CHEK1,ARHGEF2,0.29,0.42
S648,CHEK1,ARHGEF2,0,0
S645,CHEK1,ARHGEF2,0.86,0.00035
S202,MAPK14,KAT5,1.54,0.027
S199,MAPK14,KAT5,1.54,0.027
S155,MAPK14,RBM17,2.62,0.0021
S163,CHEK1,BUD13,0.35,0.41
T159,CHEK1,BUD13,0.35,0.41
S271,CHEK1,BUD13,-1.76,0.014
S235,CHEK1,BUD13,0.38,0.063
S708,AKT1,NIBAN1,1.9,0.00067
S82,CHEK1,DDX24,1.84,3e-04
S101,AKT1,RANBP3,1.37,0.0067
S108,AKT1,RANBP3,2.17,9e-04
S315,AURKB,SH2D4A,0,0
S611,AURKB,ARHGAP23,0.25,0.091
S647,AURKB,ARHGAP23,0.46,0.033
S623,AURKB,ARHGAP23,0.86,0.01
S361,AURKB,ARHGAP23,0.33,0.34
T268,AKT1,METTL1,-0.04,0.89
S1342,MAPK14,BAZ1B,1.03,0.0024
S1468,MAPK14,BAZ1B,2.58,5.5e-05
S349,MAPK14,BAZ1B,-1.27,0.0027
S295,CHEK1,RALY,0,0
S135,CHEK1,RALY,-0.63,0.055
S288,CHEK1,RALY,3.15,0.00021
T298,CHEK1,RALY,1.08,0.0014
T286,CHEK1,RALY,0.93,0.00047
S216,AKT1,ACIN1,1.28,0.0058
S657,AKT1,ACIN1,0.54,0.019
S388,AKT1,ACIN1,1.54,0.094
S655,AKT1,ACIN1,0,0
S386,AKT1,ACIN1,1.54,0.094
S240,AKT1,ACIN1,-0.85,0.02
S561,AKT1,ACIN1,0.06,0.92
S243,AKT1,ACIN1,-0.85,0.02
S1004,AKT1,ACIN1,0.67,0.037
S895,CHEK1,SRRM2,2.2,0.015
T2069,MTOR,SRRM2,0.97,0.14
S1750,CHEK1,SRRM2,-1.21,0.052
S952,CHEK1,SRRM2,-1.06,0.0028
S1521,MTOR,SRRM2,-1.71,0.00074
T2104,CHEK1,SRRM2,-2.78,0.001
S1600,CHEK1,SRRM2,-0.41,0.28
S1188,CHEK1,SRRM2,0.64,0.11
S1522,CHEK1,SRRM2,0.81,0.039
T1531,CHEK1,SRRM2,0.81,0.039
S1732,CHEK1,SRRM2,0.41,0.73
S1581,CHEK1,SRRM2,-0.61,0.091
S2102,CHEK1,SRRM2,-2.78,0.001
S790,CHEK1,SRRM2,0.16,0.58
T792,CHEK1,SRRM2,-0.24,0.52
T1531,MTOR,SRRM2,0.81,0.039
S1864,CHEK1,SRRM2,-1.42,0.037
S895,MTOR,SRRM2,2.2,0.015
S1579,MTOR,SRRM2,-0.61,0.091
S353,MTOR,SRRM2,-1.24,0.016
S883,CHEK1,SRRM2,0.72,0.039
T1492,CHEK1,SRRM2,-1.78,0.02
S1179,CHEK1,SRRM2,-0.57,0.05
S1731,MTOR,SRRM2,1.37,0.1
S1727,CHEK1,SRRM2,-0.89,0.2
S782,CHEK1,SRRM2,-0.68,0.41
S1521,CHEK1,SRRM2,-1.71,0.00074
S1975,CHEK1,SRRM2,0.73,0.023
S764,CHEK1,SRRM2,-0.59,0.32
S1579,CHEK1,SRRM2,-0.61,0.091
S2071,MTOR,SRRM2,0.97,0.14
S1589,CHEK1,SRRM2,-1.15,0.015
S1592,CHEK1,SRRM2,-1.15,0.015
S1589,MTOR,SRRM2,-1.15,0.015
S954,MTOR,SRRM2,-1.06,0.0028
S353,CHEK1,SRRM2,-1.24,0.016
S763,CHEK1,SRRM2,-0.59,0.32
T2069,CHEK1,SRRM2,0.97,0.14
S144,CHEK1,SRRM2,-0.84,0.23
S1497,MTOR,SRRM2,-1.78,0.02
T792,MTOR,SRRM2,-0.24,0.52
S876,CHEK1,SRRM2,0.89,0.0078
T1434,CHEK1,SRRM2,0.03,0.95
S2071,CHEK1,SRRM2,0.97,0.14
S2100,CHEK1,SRRM2,0,0
S2100,MTOR,SRRM2,0,0
S1592,MTOR,SRRM2,-1.15,0.015
S1729,MTOR,SRRM2,2.1,0.13
S2102,MTOR,SRRM2,-2.78,0.001
S780,CHEK1,SRRM2,-0.79,0.076
S1975,MTOR,SRRM2,0.73,0.023
S1749,CHEK1,SRRM2,-1.21,0.052
S954,CHEK1,SRRM2,-1.06,0.0028
S1750,MTOR,SRRM2,-1.21,0.052
S1537,MTOR,SRRM2,-1.56,0.003
S1537,CHEK1,SRRM2,-1.56,0.003
S883,MTOR,SRRM2,0.72,0.039
S2046,CHEK1,SRRM2,-0.95,0.053
S782,MTOR,SRRM2,-0.68,0.41
S1729,CHEK1,SRRM2,2.1,0.13
S876,MTOR,SRRM2,0.89,0.0078
S2382,CHEK1,SRRM2,-1.91,0.0022
S1497,CHEK1,SRRM2,-1.78,0.02
S875,MTOR,SRRM2,0.78,0.024
S1731,CHEK1,SRRM2,1.37,0.1
S1727,MTOR,SRRM2,-0.89,0.2
S1581,MTOR,SRRM2,-0.61,0.091
S952,MTOR,SRRM2,-1.06,0.0028
S790,MTOR,SRRM2,0.16,0.58
S2046,MTOR,SRRM2,-0.95,0.053
S957,MTOR,SRRM2,-1.16,0.1
S1522,MTOR,SRRM2,0.81,0.039
S763,MTOR,SRRM2,-0.59,0.32
T1413,CHEK1,SRRM2,-0.87,0.0013
S1732,MTOR,SRRM2,0.41,0.73
T1413,MTOR,SRRM2,-0.87,0.0013
S1749,MTOR,SRRM2,-1.21,0.052
S2581,MTOR,SRRM2,0.85,0.055
S144,MTOR,SRRM2,-0.84,0.23
S1864,MTOR,SRRM2,-1.42,0.037
S2581,CHEK1,SRRM2,0.85,0.055
T1434,MTOR,SRRM2,0.03,0.95
S1600,MTOR,SRRM2,-0.41,0.28
T1492,MTOR,SRRM2,-1.78,0.02
S780,MTOR,SRRM2,-0.79,0.076
S1188,MTOR,SRRM2,0.64,0.11
S1179,MTOR,SRRM2,-0.57,0.05
S875,CHEK1,SRRM2,0.78,0.024
S764,MTOR,SRRM2,-0.59,0.32
S957,CHEK1,SRRM2,-1.16,0.1
S2382,MTOR,SRRM2,-1.91,0.0022
T2104,MTOR,SRRM2,-2.78,0.001
A422,CSNK2A1,CTDP1,0.49,0.097
S56,AKT1,RBM8A,2.64,1.4e-05
S42,AKT1,RBM8A,0.14,0.55
