PhosphoSiteID,KinaseID,TargetID,log2FC,pValue
S167,AURKB,MPHOSPH10,2.41,0.0058
S171,AURKB,MPHOSPH10,2.41,0.0058
S163,AURKB,MPHOSPH10,2.41,0.0058
S119,CSNK2A1,PDCD5,1.6,0.0022
S339,MTOR,OXSR1,3.47,0.00015
S138,AKT1,BCL10,1.03,4.4e-05
T19,CHEK1,LMNA,-1.49,0.013
S392,CHEK1,LMNA,0.18,0.25
S22,CHEK1,LMNA,-0.97,2e-04
S458,CHEK1,LMNA,0.67,0.054
S390,CHEK1,LMNA,0.91,0.0074
S78,MAPK14,HSPB1,1.89,8.7e-06
S78,AKT1,HSPB1,1.89,8.7e-06
S82,AKT1,HSPB1,1.89,8.7e-06
S15,MAPK14,HSPB1,0.04,0.94
S15,AKT1,HSPB1,0.04,0.94
S82,MAPK14,HSPB1,1.89,8.7e-06
S7,CSNK2A1,HMGN1,0,0
T199,AURKB,NPM1,-1.54,0.088
S254,CSNK2A1,NPM1,-0.89,0.002
T199,CSNK2A1,NPM1,-1.54,0.088
S125,AURKB,NPM1,2.02,0.00023
S125,CSNK2A1,NPM1,2.02,0.00023
S125,AKT1,NPM1,2.02,0.00023
S254,AKT1,NPM1,-0.89,0.002
T199,AKT1,NPM1,-1.54,0.088
S260,CSNK2A1,NPM1,-0.95,0.021
S260,AKT1,NPM1,-0.95,0.021
S260,AURKB,NPM1,-0.95,0.021
S254,AURKB,NPM1,-0.89,0.002
S7,AURKB,H2BC11,1.54,0.043
S7,AKT1,H2BC11,1.54,0.043
S255,CSNK2A1,HSP90AB1,1.77,0.0016
S255,AURKB,HSP90AB1,1.77,0.0016
S42,AKT1,VIM,-3.97,0.007
S459,AKT1,VIM,-1.22,0.011
S459,AURKB,VIM,-1.22,0.011
S430,AKT1,VIM,0.78,0.26
S430,AURKB,VIM,0.78,0.26
S42,AURKB,VIM,-3.97,0.007
S325,AKT1,VIM,0.22,0.7
S56,AKT1,VIM,-4.56,0.0072
S56,AURKB,VIM,-4.56,0.0072
S325,AURKB,VIM,0.22,0.7
S6,AKT1,HNRNPA1,1.28,0.00049
S6,CSNK2A1,HNRNPA1,1.28,0.00049
S1213,CSNK2A1,TOP2A,-0.85,0.0056
S1525,CSNK2A1,TOP2A,1.52,0.0086
S224,CSNK2A1,SRF,1.14,0.00027
T455,CHEK1,XRCC6,1.24,0.00053
S37,AKT1,PKM,1.48,0.00067
S37,AURKB,PKM,1.48,0.00067
S446,AKT1,BRAF,0.84,0.047
S151,AKT1,BRAF,0.12,0.92
S103,CSNK2A1,HMGA1,3.36,1e-04
S102,CSNK2A1,HMGA1,2.2,0.0011
S51,AURKB,NELFE,0.24,0.62
S115,AURKB,NELFE,0,0
S66,CHEK1,LIG1,1.18,0.018
S66,CSNK2A1,LIG1,1.18,0.018
S76,CHEK1,LIG1,0.82,0.11
S76,CSNK2A1,LIG1,0.82,0.11
S186,MAPK14,USF1,2.11,2.6e-05
S85,CHEK1,HNRNPA2B1,1.64,5e-05
S259,CHEK1,HNRNPA2B1,-0.52,0.28
S143,AKT1,DNMT1,-0.85,0.26
S714,AKT1,DNMT1,2.28,0.00047
S143,MTOR,DNMT1,-0.85,0.26
S714,MTOR,DNMT1,2.28,0.00047
S641,CSNK2A1,CTNNA1,3.62,6.8e-05
S1943,CSNK2A1,MYH9,1.09,0.038
S1956,CSNK2A1,MYH10,0,0
S1956,AURKB,MYH10,0,0
S358,CHEK1,ADD1,0.68,0.017
S23,CHEK1,MAP2K2,0.52,0.35
S727,MAPK14,STAT1,0.68,0.064
S727,CSNK2A1,STAT1,0.68,0.064
S188,CHEK1,MATR3,2.18,1e-04
S598,CHEK1,MATR3,0.45,0.12
S90,AKT1,MAP2K4,0.44,0.12
S2708,CHEK1,MKI67,-1.76,0.00053
S3041,AURKB,MKI67,-1.29,0.00056
S579,CHEK1,MKI67,-2.1,0.0071
S3041,CHEK1,MKI67,-1.29,0.00056
S1376,AURKB,MKI67,-2.17,0.017
S2708,AURKB,MKI67,-1.76,0.00053
S1758,CHEK1,MKI67,-1.11,0.0014
S1071,AURKB,MKI67,-1.39,0.013
S1376,CHEK1,MKI67,-2.17,0.017
S1679,AURKB,MKI67,-2.6,0.005
S1679,CHEK1,MKI67,-2.6,0.005
S2223,CHEK1,MKI67,-3.34,0.00056
S2528,CHEK1,MKI67,-2.97,0.0036
S1131,CHEK1,MKI67,-0.34,0.42
S584,CHEK1,MKI67,-3.18,0.0019
S579,AURKB,MKI67,-2.1,0.0071
S584,AURKB,MKI67,-3.18,0.0019
S1131,AURKB,MKI67,-0.34,0.42
S2528,AURKB,MKI67,-2.97,0.0036
R1760,AURKB,MKI67,-0.55,0.17
S1758,AURKB,MKI67,-1.11,0.0014
S1071,CHEK1,MKI67,-1.39,0.013
R1760,CHEK1,MKI67,-0.55,0.17
S2223,AURKB,MKI67,-3.34,0.00056
T2458,CHEK1,RANBP2,0.4,0.27
T2153,CHEK1,RANBP2,-0.69,0.13
S2510,CHEK1,RANBP2,-1.81,0.00073
S227,AKT1,RPS6KA3,0,0
S369,AKT1,RPS6KA3,0.89,0.0046
S715,AKT1,RPS6KA3,-0.89,0.0018
T315,CSNK2A1,CCNH,1.2,0.003
S481,AKT1,ACLY,0.89,0.0051
S455,AKT1,ACLY,0.72,0.013
S298,MAPK14,LIMK1,0,0
S10,CSNK2A1,EIF5,0.6,0.0019
S5,AKT1,SRSF3,0.48,0.18
S363,MTOR,HSF1,2.81,3.5e-05
S363,AKT1,HSF1,2.81,3.5e-05
S363,MAPK14,HSF1,2.81,3.5e-05
S94,CSNK2A1,XPC,2.11,0.025
S1596,CSNK2A1,EIF4G1,2.08,0.00019
S1187,CSNK2A1,EIF4G1,-0.03,0.82
S1147,CSNK2A1,EIF4G1,-0.44,0.26
S1145,CSNK2A1,EIF4G1,-0.44,0.26
S444,CSNK2A1,SSRP1,3.45,1.6e-05
S844,CHEK1,CAMSAP2,0.33,0.18
S1068,CHEK1,GTF3C1,0.85,0.12
S1426,CHEK1,TP53BP1,-1.18,0.008
S500,CHEK1,TP53BP1,0.62,0.37
S552,AURKB,TP53BP1,1.89,0.01
S1430,AURKB,TP53BP1,-1.18,0.008
S1426,AURKB,TP53BP1,-1.18,0.008
S552,CHEK1,TP53BP1,1.89,0.01
S1094,AURKB,TP53BP1,0.52,0.14
S1219,CHEK1,TP53BP1,0.97,0.00017
S1094,CHEK1,TP53BP1,0.52,0.14
S1216,AURKB,TP53BP1,0.97,0.00017
S500,AURKB,TP53BP1,0.62,0.37
S1430,CHEK1,TP53BP1,-1.18,0.008
S1216,CHEK1,TP53BP1,0.97,0.00017
S1219,AURKB,TP53BP1,0.97,0.00017
S320,AKT1,STK4,2.04,0.0041
S320,CHEK1,STK4,2.04,0.0041
S316,AKT1,STK3,2.36,0.0044
S473,CHEK1,TRIM28,0,1
S473,MAPK14,TRIM28,0,1
S50,MAPK14,TRIM28,1.01,0.0016
S50,CHEK1,TRIM28,1.01,0.0016
S393,CSNK2A1,HDAC1,2.81,0.0026
S280,CSNK2A1,TNFAIP1,1.51,2e-04
S342,CHEK1,CDK13,-1.24,0.18
S437,CHEK1,CDK13,0.73,0.013
S348,CHEK1,CDK13,-1.24,0.18
S439,CHEK1,CDK13,0.73,0.013
S397,CHEK1,CDK13,0,0
S400,CHEK1,CDK13,-0.98,0.097
S358,CHEK1,CDK13,1.23,0.039
T2446,AKT1,FLNC,0.7,0.074
S2598,AKT1,FLNC,0.39,0.47
S1728,AKT1,FLNC,-0.22,0.46
S1527,AKT1,FLNC,0.38,0.036
T2677,AKT1,FLNC,0.61,0.35
S2233,AKT1,FLNC,-0.86,0.0014
S1427,CHEK1,TRIP12,-2.67,0.013
S241,CHEK1,TRIP12,-1.22,0.0052
T1421,CHEK1,TRIP12,-2.67,0.013
S1376,CHEK1,TRIP12,2.32,1e-04
S238,CHEK1,TRIP12,-0.44,0.37
S239,CHEK1,TRIP12,-1.22,0.0052
S1820,CSNK2A1,MDC1,-0.14,0.79
S495,CSNK2A1,MDC1,1.8,4.4e-05
S485,CHEK1,MDC1,1.22,0.018
S498,CSNK2A1,MDC1,1.8,4.4e-05
S498,CHEK1,MDC1,1.8,4.4e-05
S505,CHEK1,MDC1,1.23,0.00012
T242,CSNK2A1,MDC1,0.94,0.0079
S1820,CHEK1,MDC1,-0.14,0.79
S505,CSNK2A1,MDC1,1.23,0.00012
S495,CHEK1,MDC1,1.8,4.4e-05
S485,CSNK2A1,MDC1,1.22,0.018
T242,CHEK1,MDC1,0.94,0.0079
S169,AURKB,NUMA1,2.05,0.0055
S218,CSNK2A1,SEPTIN2,2.94,8.7e-06
S104,AKT1,PEA15,0.35,0.5
S116,AKT1,PEA15,1.42,0.007
S4386,AURKB,PLEC,-0.57,0.0081
S4396,AURKB,PLEC,-1.76,0.0028
S4613,AURKB,PLEC,0.03,0.9
S1721,AURKB,PLEC,0.63,0.0016
S720,AURKB,PLEC,0.39,0.37
S1435,AURKB,PLEC,1.02,0.011
T4030,AURKB,PLEC,0.76,0.05
S4389,AURKB,PLEC,-0.57,0.0081
T2886,AURKB,PLEC,1.5,6.8e-05
S1223,CHEK1,MED1,0.67,0.036
T487,MAPK14,EZH2,1.77,2.6e-05
T416,AKT1,EZH2,-0.75,0.011
T487,AKT1,EZH2,1.77,2.6e-05
T416,MAPK14,EZH2,-0.75,0.011
S244,CHEK1,CCDC6,0.76,0.08
S323,CHEK1,CCDC6,-0.41,0.036
S457,AKT1,PDCD4,0.45,0.091
S94,AKT1,PDCD4,1.36,0.00048
S326,AURKB,COBLL1,1.16,0.0094
T260,AURKB,COBLL1,-0.53,0.4
S256,AURKB,COBLL1,-0.66,0.14
S7,AURKB,H2BC18,1.59,0.043
S7,AKT1,H2BC18,1.59,0.043
S3860,MTOR,UBR4,1.4,0.00048
S795,CHEK1,RBM26,0.3,0.54
T925,CHEK1,CTR9,0,0
S774,MTOR,LARP1,-1.59,0.00012
T649,MTOR,LARP1,0.72,0.037
S546,MTOR,LARP1,1.56,0.057
S517,MTOR,LARP1,-0.72,0.28
S524,MTOR,SRRM1,1.54,0.057
S450,MTOR,SRRM1,0.88,0.058
S740,MTOR,SRRM1,-1.89,4.5e-05
S530,MTOR,SRRM1,1.54,0.057
S526,MTOR,SRRM1,1.54,0.057
S402,MTOR,SRRM1,0.8,0.15
S713,MTOR,SRRM1,1.8,0.0014
S696,MTOR,SRRM1,-0.47,0.44
T872,MTOR,SRRM1,0.38,0.33
S597,MTOR,SRRM1,0.76,0.011
S874,MTOR,SRRM1,1.36,0.05
S626,MTOR,SRRM1,0.29,0.5
S393,MTOR,SRRM1,0.91,0.041
S738,MTOR,SRRM1,-1.89,4.5e-05
S528,MTOR,SRRM1,1.54,0.057
S628,MTOR,SRRM1,0.29,0.5
S389,MTOR,SRRM1,0.91,0.041
S228,CSNK2A1,ABCF1,3.56,3.5e-05
S109,CSNK2A1,ABCF1,1.63,1e-04
S1475,AURKB,GBF1,2.89,8.9e-05
S1475,CSNK2A1,GBF1,2.89,8.9e-05
T244,CSNK2A1,ANP32B,1.42,0.03
S394,CSNK2A1,HDAC2,3.62,1.1e-05
S181,MAPK14,KHSRP,0.62,0.014
S181,AKT1,KHSRP,0.62,0.014
S782,CHEK1,ARHGEF2,0.5,0.15
S648,CHEK1,ARHGEF2,1.44,0.0034
S645,CHEK1,ARHGEF2,0.93,0.00015
S202,MAPK14,KAT5,0,0
S199,MAPK14,KAT5,0,0
S155,MAPK14,RBM17,2.75,0.0011
S163,CHEK1,BUD13,0.75,0.12
T159,CHEK1,BUD13,0.31,0.46
S271,CHEK1,BUD13,-2.02,0.0051
S235,CHEK1,BUD13,0.39,0.049
S708,AKT1,NIBAN1,1.99,4e-04
S82,CHEK1,DDX24,1.83,0.00024
S101,AKT1,RANBP3,1.75,0.0011
S108,AKT1,RANBP3,1.75,0.0011
S315,AURKB,SH2D4A,0,0
S611,AURKB,ARHGAP23,0.4,0.006
S647,AURKB,ARHGAP23,0.94,0.00044
S623,AURKB,ARHGAP23,1.15,0.0016
S361,AURKB,ARHGAP23,0,0
T268,AKT1,METTL1,0.4,0.12
S1342,MAPK14,BAZ1B,1.29,0.00042
S1468,MAPK14,BAZ1B,2.54,5e-05
S349,MAPK14,BAZ1B,-1.63,0.00038
S295,CHEK1,RALY,0,0
S135,CHEK1,RALY,-0.45,0.14
S288,CHEK1,RALY,1.2,6.7e-05
T298,CHEK1,RALY,1.42,0.00018
T286,CHEK1,RALY,1.2,6.7e-05
S216,AKT1,ACIN1,1.44,0.0023
S657,AKT1,ACIN1,0.41,0.054
S388,AKT1,ACIN1,1.47,0.097
S655,AKT1,ACIN1,-0.96,0.12
S386,AKT1,ACIN1,1.47,0.097
S240,AKT1,ACIN1,-1.29,0.0014
S561,AKT1,ACIN1,0.81,0.1
S243,AKT1,ACIN1,-1.29,0.0014
S1004,AKT1,ACIN1,0.83,0.011
S895,CHEK1,SRRM2,1.11,0.17
T2069,MTOR,SRRM2,1.25,0.051
S1750,CHEK1,SRRM2,-0.96,0.1
S952,CHEK1,SRRM2,-0.99,0.0034
S1521,MTOR,SRRM2,-1.73,0.00053
T2104,CHEK1,SRRM2,-3.55,0.00071
S1600,CHEK1,SRRM2,-0.16,0.67
S1188,CHEK1,SRRM2,0.68,0.08
S1522,CHEK1,SRRM2,-1.48,0.04
T1531,CHEK1,SRRM2,-0.82,0.19
S1732,CHEK1,SRRM2,1.37,0.21
S1581,CHEK1,SRRM2,-0.45,0.23
S2102,CHEK1,SRRM2,-3.55,0.00071
S790,CHEK1,SRRM2,0.32,0.24
T792,CHEK1,SRRM2,0.32,0.24
T1531,MTOR,SRRM2,-0.82,0.19
S1864,CHEK1,SRRM2,-0.7,0.26
S895,MTOR,SRRM2,1.11,0.17
S1579,MTOR,SRRM2,-0.45,0.23
S353,MTOR,SRRM2,-0.99,0.038
S883,CHEK1,SRRM2,0.64,0.073
T1492,CHEK1,SRRM2,-1.87,0.012
S1179,CHEK1,SRRM2,-0.56,0.047
S1731,MTOR,SRRM2,1.62,0.051
S1727,CHEK1,SRRM2,-0.95,0.16
S782,CHEK1,SRRM2,-0.18,0.83
S1521,CHEK1,SRRM2,-1.73,0.00053
S1975,CHEK1,SRRM2,0.74,0.029
S764,CHEK1,SRRM2,-0.28,0.64
S1579,CHEK1,SRRM2,-0.45,0.23
S2071,MTOR,SRRM2,1.25,0.051
S1589,CHEK1,SRRM2,-0.98,0.038
S1592,CHEK1,SRRM2,-0.98,0.038
S1589,MTOR,SRRM2,-0.98,0.038
S954,MTOR,SRRM2,-0.99,0.0034
S353,CHEK1,SRRM2,-0.99,0.038
S763,CHEK1,SRRM2,-0.28,0.64
T2069,CHEK1,SRRM2,1.25,0.051
S144,CHEK1,SRRM2,-1.81,0.041
S1497,MTOR,SRRM2,-1.87,0.012
T792,MTOR,SRRM2,0.32,0.24
S876,CHEK1,SRRM2,1.2,0.00093
T1434,CHEK1,SRRM2,-0.01,0.98
S2071,CHEK1,SRRM2,1.25,0.051
S2100,CHEK1,SRRM2,-1.84,0.044
S2100,MTOR,SRRM2,-1.84,0.044
S1592,MTOR,SRRM2,-0.98,0.038
S1729,MTOR,SRRM2,2.71,0.053
S2102,MTOR,SRRM2,-3.55,0.00071
S780,CHEK1,SRRM2,-0.55,0.19
S1975,MTOR,SRRM2,0.74,0.029
S1749,CHEK1,SRRM2,-0.96,0.1
S954,CHEK1,SRRM2,-0.99,0.0034
S1750,MTOR,SRRM2,-0.96,0.1
S1537,MTOR,SRRM2,-1.53,0.0026
S1537,CHEK1,SRRM2,-1.53,0.0026
S883,MTOR,SRRM2,0.64,0.073
S2046,CHEK1,SRRM2,-0.7,0.09
S782,MTOR,SRRM2,-0.18,0.83
S1729,CHEK1,SRRM2,2.71,0.053
S876,MTOR,SRRM2,1.2,0.00093
S2382,CHEK1,SRRM2,-2.42,0.00032
S1497,CHEK1,SRRM2,-1.87,0.012
S875,MTOR,SRRM2,1.05,0.0038
S1731,CHEK1,SRRM2,1.62,0.051
S1727,MTOR,SRRM2,-0.95,0.16
S1581,MTOR,SRRM2,-0.45,0.23
S952,MTOR,SRRM2,-0.99,0.0034
S790,MTOR,SRRM2,0.32,0.24
S2046,MTOR,SRRM2,-0.7,0.09
S957,MTOR,SRRM2,-0.03,0.96
S1522,MTOR,SRRM2,-1.48,0.04
S763,MTOR,SRRM2,-0.28,0.64
T1413,CHEK1,SRRM2,-0.76,0.0024
S1732,MTOR,SRRM2,1.37,0.21
T1413,MTOR,SRRM2,-0.76,0.0024
S1749,MTOR,SRRM2,-0.96,0.1
S2581,MTOR,SRRM2,0.88,0.039
S144,MTOR,SRRM2,-1.81,0.041
S1864,MTOR,SRRM2,-0.7,0.26
S2581,CHEK1,SRRM2,0.88,0.039
T1434,MTOR,SRRM2,-0.01,0.98
S1600,MTOR,SRRM2,-0.16,0.67
T1492,MTOR,SRRM2,-1.87,0.012
S780,MTOR,SRRM2,-0.55,0.19
S1188,MTOR,SRRM2,0.68,0.08
S1179,MTOR,SRRM2,-0.56,0.047
S875,CHEK1,SRRM2,1.05,0.0038
S764,MTOR,SRRM2,-0.28,0.64
S957,CHEK1,SRRM2,-0.03,0.96
S2382,MTOR,SRRM2,-2.42,0.00032
T2104,MTOR,SRRM2,-3.55,0.00071
A422,CSNK2A1,CTDP1,0.85,0.008
S56,AKT1,RBM8A,2.72,1.1e-05
S42,AKT1,RBM8A,0.29,0.17
