PhosphoSiteID,KinaseID,TargetID,log2FC,pValue
S167,AURKB,MPHOSPH10,1.62,0.023
S171,AURKB,MPHOSPH10,1.62,0.023
S163,AURKB,MPHOSPH10,1.81,0.028
S119,CSNK2A1,PDCD5,1.87,0.00047
S339,MTOR,OXSR1,4.74,5.9e-06
S138,AKT1,BCL10,2.41,7.6e-09
T19,CHEK1,LMNA,-4.41,2.9e-06
S392,CHEK1,LMNA,-0.96,3.2e-05
S22,CHEK1,LMNA,-1.8,4.5e-07
S458,CHEK1,LMNA,1.08,0.0043
S390,CHEK1,LMNA,-0.96,3.2e-05
S78,MAPK14,HSPB1,4.54,2.4e-10
S78,AKT1,HSPB1,4.54,2.4e-10
S82,AKT1,HSPB1,4.54,2.4e-10
S15,MAPK14,HSPB1,2.36,2e-04
S15,AKT1,HSPB1,2.36,2e-04
S82,MAPK14,HSPB1,4.54,2.4e-10
S7,CSNK2A1,HMGN1,4.06,0.017
T199,AURKB,NPM1,-2.7,0.0058
S254,CSNK2A1,NPM1,-3.27,2.3e-08
T199,CSNK2A1,NPM1,-2.7,0.0058
S125,AURKB,NPM1,2.72,8.3e-06
S125,CSNK2A1,NPM1,2.72,8.3e-06
S125,AKT1,NPM1,2.72,8.3e-06
S254,AKT1,NPM1,-3.27,2.3e-08
T199,AKT1,NPM1,-2.7,0.0058
S260,CSNK2A1,NPM1,1.76,0.0027
S260,AKT1,NPM1,1.76,0.0027
S260,AURKB,NPM1,1.76,0.0027
S254,AURKB,NPM1,-3.27,2.3e-08
S7,AURKB,H2BC11,1.55,0.039
S7,AKT1,H2BC11,1.55,0.039
S255,CSNK2A1,HSP90AB1,1.94,0.00052
S255,AURKB,HSP90AB1,1.94,0.00052
S42,AKT1,VIM,-3.36,0.035
S459,AKT1,VIM,-2.35,0.00021
S459,AURKB,VIM,-2.35,0.00021
S430,AKT1,VIM,1.63,0.025
S430,AURKB,VIM,1.63,0.025
S42,AURKB,VIM,-3.36,0.035
S325,AKT1,VIM,-1.24,0.045
S56,AKT1,VIM,-3.49,0.025
S56,AURKB,VIM,-3.49,0.025
S325,AURKB,VIM,-1.24,0.045
S6,AKT1,HNRNPA1,1.34,0.00018
S6,CSNK2A1,HNRNPA1,1.34,0.00018
S1213,CSNK2A1,TOP2A,-3.06,1.5e-07
S1525,CSNK2A1,TOP2A,1.43,0.0095
S224,CSNK2A1,SRF,1.31,4.1e-05
T455,CHEK1,XRCC6,1.3,0.00019
S37,AKT1,PKM,1.78,5.3e-05
S37,AURKB,PKM,1.78,5.3e-05
S446,AKT1,BRAF,1.24,0.0059
S151,AKT1,BRAF,2.48,0.025
S103,CSNK2A1,HMGA1,3.19,5.6e-05
S102,CSNK2A1,HMGA1,2.05,0.0012
S51,AURKB,NELFE,2.18,0.00026
S115,AURKB,NELFE,1.55,0.038
S66,CHEK1,LIG1,1.77,0.0017
S66,CSNK2A1,LIG1,1.77,0.0017
S76,CHEK1,LIG1,1.05,0.044
S76,CSNK2A1,LIG1,1.05,0.044
S186,MAPK14,USF1,2.19,3.5e-06
S85,CHEK1,HNRNPA2B1,1.25,0.00014
S259,CHEK1,HNRNPA2B1,-0.84,0.038
S143,AKT1,DNMT1,1.06,0.0016
S714,AKT1,DNMT1,2.2,3e-04
S143,MTOR,DNMT1,1.06,0.0016
S714,MTOR,DNMT1,2.2,3e-04
S641,CSNK2A1,CTNNA1,4.21,6.5e-06
S1943,CSNK2A1,MYH9,1.46,0.0074
S1956,CSNK2A1,MYH10,3.72,0.0042
S1956,AURKB,MYH10,3.72,0.0042
S358,CHEK1,ADD1,1.08,0.00075
S23,CHEK1,MAP2K2,2.67,0.0066
S727,MAPK14,STAT1,2.7,4.1e-06
S727,CSNK2A1,STAT1,2.7,4.1e-06
S188,CHEK1,MATR3,3.67,4.1e-07
S598,CHEK1,MATR3,0.57,0.05
S90,AKT1,MAP2K4,2.17,3.6e-06
S2708,CHEK1,MKI67,-2.39,0.00038
S3041,AURKB,MKI67,-1.65,3.8e-05
S579,CHEK1,MKI67,-2.51,0.00085
S3041,CHEK1,MKI67,-1.65,3.8e-05
S1376,AURKB,MKI67,-2.36,0.0089
S2708,AURKB,MKI67,-2.39,0.00038
S1758,CHEK1,MKI67,-2.27,2.3e-06
S1071,AURKB,MKI67,-2.45,2e-04
S1376,CHEK1,MKI67,-2.36,0.0089
S1679,AURKB,MKI67,-3.64,0.00014
S1679,CHEK1,MKI67,-3.64,0.00014
S2223,CHEK1,MKI67,-1.79,0.02
S2528,CHEK1,MKI67,-3.56,0.00072
S1131,CHEK1,MKI67,-0.86,0.041
S584,CHEK1,MKI67,-3.93,0.00024
S579,AURKB,MKI67,-2.51,0.00085
S584,AURKB,MKI67,-3.93,0.00024
S1131,AURKB,MKI67,-0.86,0.041
S2528,AURKB,MKI67,-3.56,0.00072
R1760,AURKB,MKI67,1.37,0.004
S1758,AURKB,MKI67,-2.27,2.3e-06
S1071,CHEK1,MKI67,-2.45,2e-04
R1760,CHEK1,MKI67,1.37,0.004
S2223,AURKB,MKI67,-1.79,0.02
T2458,CHEK1,RANBP2,1.11,0.013
T2153,CHEK1,RANBP2,-1.55,0.0058
S2510,CHEK1,RANBP2,-2.02,0.00018
S227,AKT1,RPS6KA3,1.48,0.012
S369,AKT1,RPS6KA3,1.35,0.00017
S715,AKT1,RPS6KA3,-0.96,0.00069
T315,CSNK2A1,CCNH,1.56,3e-04
S481,AKT1,ACLY,0.87,0.0045
S455,AKT1,ACLY,1.71,1.7e-05
S298,MAPK14,LIMK1,1.33,0.031
S10,CSNK2A1,EIF5,2.1,3.2e-08
S5,AKT1,SRSF3,1.68,0.00022
S363,MTOR,HSF1,3.56,1e-06
S363,AKT1,HSF1,3.56,1e-06
S363,MAPK14,HSF1,3.56,1e-06
S94,CSNK2A1,XPC,3.56,0.0014
S1596,CSNK2A1,EIF4G1,1.68,0.00052
S1187,CSNK2A1,EIF4G1,0.42,0.00093
S1147,CSNK2A1,EIF4G1,-1.15,0.0067
S1145,CSNK2A1,EIF4G1,-1.15,0.0067
S444,CSNK2A1,SSRP1,3.77,1.4e-06
S844,CHEK1,CAMSAP2,1.14,3e-04
S1068,CHEK1,GTF3C1,1.09,0.05
S1426,CHEK1,TP53BP1,-2.71,1.2e-05
S500,CHEK1,TP53BP1,2,0.0081
S552,AURKB,TP53BP1,3.03,3e-04
S1430,AURKB,TP53BP1,-2.71,1.2e-05
S1426,AURKB,TP53BP1,-2.71,1.2e-05
S552,CHEK1,TP53BP1,3.03,3e-04
S1094,AURKB,TP53BP1,0.84,0.022
S1219,CHEK1,TP53BP1,1.28,6.8e-06
S1094,CHEK1,TP53BP1,0.84,0.022
S1216,AURKB,TP53BP1,1.28,6.8e-06
S500,AURKB,TP53BP1,2,0.0081
S1430,CHEK1,TP53BP1,-2.71,1.2e-05
S1216,CHEK1,TP53BP1,1.28,6.8e-06
S1219,AURKB,TP53BP1,1.28,6.8e-06
S320,AKT1,STK4,2.44,0.00097
S320,CHEK1,STK4,2.44,0.00097
S316,AKT1,STK3,3.41,0.00025
S473,CHEK1,TRIM28,1.35,6.3e-05
S473,MAPK14,TRIM28,1.35,6.3e-05
S50,MAPK14,TRIM28,0.7,0.011
S50,CHEK1,TRIM28,0.7,0.011
S393,CSNK2A1,HDAC1,3.55,0.00034
S280,CSNK2A1,TNFAIP1,1.29,3e-04
S342,CHEK1,CDK13,-2.09,0.015
S437,CHEK1,CDK13,0.62,0.026
S348,CHEK1,CDK13,-2.09,0.015
S439,CHEK1,CDK13,0.62,0.026
S397,CHEK1,CDK13,-0.73,0.036
S400,CHEK1,CDK13,-0.73,0.036
S358,CHEK1,CDK13,1.21,0.02
T2446,AKT1,FLNC,1.22,0.0046
S2598,AKT1,FLNC,-2.13,0.00086
S1728,AKT1,FLNC,-0.6,0.041
S1527,AKT1,FLNC,0.55,0.0043
T2677,AKT1,FLNC,1.71,0.011
S2233,AKT1,FLNC,-1.06,0.00018
S1427,CHEK1,TRIP12,-2.45,0.0069
S241,CHEK1,TRIP12,-2.43,0.00013
T1421,CHEK1,TRIP12,-2.45,0.0069
S1376,CHEK1,TRIP12,2.64,1.5e-05
S238,CHEK1,TRIP12,-1.13,0.016
S239,CHEK1,TRIP12,-2.43,0.00013
S1820,CSNK2A1,MDC1,-1.78,0.0039
S495,CSNK2A1,MDC1,1.58,3.2e-05
S485,CHEK1,MDC1,2.29,0.00067
S498,CSNK2A1,MDC1,1.58,3.2e-05
S498,CHEK1,MDC1,1.58,3.2e-05
S505,CHEK1,MDC1,0.64,0.0067
T242,CSNK2A1,MDC1,2.17,8.7e-06
S1820,CHEK1,MDC1,-1.78,0.0039
S505,CSNK2A1,MDC1,0.64,0.0067
S495,CHEK1,MDC1,1.58,3.2e-05
S485,CSNK2A1,MDC1,2.29,0.00067
T242,CHEK1,MDC1,2.17,8.7e-06
S169,AURKB,NUMA1,1.49,0.023
S218,CSNK2A1,SEPTIN2,3.37,2.7e-07
S104,AKT1,PEA15,1.1,0.036
S116,AKT1,PEA15,2.39,0.00011
S4386,AURKB,PLEC,-0.57,0.0065
S4396,AURKB,PLEC,-1.56,0.0047
S4613,AURKB,PLEC,-0.85,6e-04
S1721,AURKB,PLEC,0.59,0.0018
S720,AURKB,PLEC,1.45,0.0033
S1435,AURKB,PLEC,0.77,0.037
T4030,AURKB,PLEC,1.44,0.0012
S4389,AURKB,PLEC,-0.57,0.0065
T2886,AURKB,PLEC,1.46,2.8e-05
S1223,CHEK1,MED1,1.68,1e-04
T487,MAPK14,EZH2,1.37,4.2e-05
T416,AKT1,EZH2,-0.74,0.0096
T487,AKT1,EZH2,1.37,4.2e-05
T416,MAPK14,EZH2,-0.74,0.0096
S244,CHEK1,CCDC6,0.94,0.02
S323,CHEK1,CCDC6,1.27,1.9e-05
S457,AKT1,PDCD4,0.9,0.003
S94,AKT1,PDCD4,1.39,0.00021
S326,AURKB,COBLL1,2.28,5.7e-05
T260,AURKB,COBLL1,-1.16,0.045
S256,AURKB,COBLL1,-1.16,0.045
S7,AURKB,H2BC18,1.5,0.05
S7,AKT1,H2BC18,1.5,0.05
S3860,MTOR,UBR4,3.16,2.7e-07
S795,CHEK1,RBM26,1.16,0.02
T925,CHEK1,CTR9,2.08,0.00055
S774,MTOR,LARP1,-1.61,5e-05
T649,MTOR,LARP1,0.69,0.041
S546,MTOR,LARP1,1.62,0.049
S517,MTOR,LARP1,2.1,0.029
S524,MTOR,SRRM1,1.7,0.036
S450,MTOR,SRRM1,1.44,0.0044
S740,MTOR,SRRM1,-1.99,7.2e-06
S530,MTOR,SRRM1,1.7,0.036
S526,MTOR,SRRM1,1.7,0.036
S402,MTOR,SRRM1,1.68,0.0056
S713,MTOR,SRRM1,3.18,7.2e-06
S696,MTOR,SRRM1,1.3,0.036
T872,MTOR,SRRM1,0.92,0.023
S597,MTOR,SRRM1,0.62,0.027
S874,MTOR,SRRM1,2.26,0.0073
S626,MTOR,SRRM1,1.03,0.023
S393,MTOR,SRRM1,1.17,0.011
S738,MTOR,SRRM1,-1.99,7.2e-06
S528,MTOR,SRRM1,1.7,0.036
S628,MTOR,SRRM1,1.03,0.023
S389,MTOR,SRRM1,1.17,0.011
S228,CSNK2A1,ABCF1,4.12,2e-06
S109,CSNK2A1,ABCF1,1.77,1.8e-05
S1475,AURKB,GBF1,3.44,6.8e-06
S1475,CSNK2A1,GBF1,3.44,6.8e-06
T244,CSNK2A1,ANP32B,1.56,0.017
S394,CSNK2A1,HDAC2,3.85,1.1e-06
S181,MAPK14,KHSRP,1.35,4.1e-05
S181,AKT1,KHSRP,1.35,4.1e-05
S782,CHEK1,ARHGEF2,1.85,7.3e-05
S648,CHEK1,ARHGEF2,2.87,5.4e-05
S645,CHEK1,ARHGEF2,1.56,8.6e-07
S202,MAPK14,KAT5,1.41,0.025
S199,MAPK14,KAT5,1.41,0.025
S155,MAPK14,RBM17,3.45,0.00013
S163,CHEK1,BUD13,1.09,0.012
T159,CHEK1,BUD13,1.09,0.012
S271,CHEK1,BUD13,-1.6,0.016
S235,CHEK1,BUD13,0.58,0.0055
S708,AKT1,NIBAN1,1.98,0.00021
S82,CHEK1,DDX24,2.12,3.3e-05
S101,AKT1,RANBP3,2.04,2e-04
S108,AKT1,RANBP3,2.04,2e-04
S315,AURKB,SH2D4A,2.42,0.0034
S611,AURKB,ARHGAP23,1.07,3.5e-06
S647,AURKB,ARHGAP23,1.24,2e-05
S623,AURKB,ARHGAP23,1.74,4e-05
S361,AURKB,ARHGAP23,1.21,0.0078
T268,AKT1,METTL1,2.36,9.4e-07
S1342,MAPK14,BAZ1B,2.4,1e-06
S1468,MAPK14,BAZ1B,2.3,3.4e-05
S349,MAPK14,BAZ1B,-2.24,1.2e-05
S295,CHEK1,RALY,1.44,0.0044
S135,CHEK1,RALY,-0.68,0.031
S288,CHEK1,RALY,1.1,4.2e-05
T298,CHEK1,RALY,1.41,0.00017
T286,CHEK1,RALY,1.1,4.2e-05
S216,AKT1,ACIN1,2.02,0.00011
S657,AKT1,ACIN1,0.55,0.012
S388,AKT1,ACIN1,2.26,0.015
S655,AKT1,ACIN1,-1.61,0.019
S386,AKT1,ACIN1,2.26,0.015
S240,AKT1,ACIN1,-1.11,0.0026
S561,AKT1,ACIN1,1.42,0.0087
S243,AKT1,ACIN1,-1.11,0.0026
S1004,AKT1,ACIN1,1.15,0.00099
S895,CHEK1,SRRM2,1.83,0.027
T2069,MTOR,SRRM2,-1.71,0.0049
S1750,CHEK1,SRRM2,-2.37,0.00072
S952,CHEK1,SRRM2,-0.83,0.0072
S1521,MTOR,SRRM2,-2.2,1e-04
T2104,CHEK1,SRRM2,-1.96,0.011
S1600,CHEK1,SRRM2,-1.19,0.029
S1188,CHEK1,SRRM2,0.94,0.019
S1522,CHEK1,SRRM2,-1.48,0.0072
T1531,CHEK1,SRRM2,-1.67,0.0018
S1732,CHEK1,SRRM2,2.35,0.04
S1581,CHEK1,SRRM2,-0.94,0.011
S2102,CHEK1,SRRM2,-1.96,0.011
S790,CHEK1,SRRM2,0.89,0.0039
T792,CHEK1,SRRM2,0.89,0.0039
T1531,MTOR,SRRM2,-1.67,0.0018
S1864,CHEK1,SRRM2,-1.3,0.039
S895,MTOR,SRRM2,1.83,0.027
S1579,MTOR,SRRM2,-0.94,0.011
S353,MTOR,SRRM2,-2.78,0.0012
S883,CHEK1,SRRM2,0.77,0.021
T1492,CHEK1,SRRM2,-2.37,0.0024
S1179,CHEK1,SRRM2,-0.58,0.036
S1731,MTOR,SRRM2,2.35,0.04
S1727,CHEK1,SRRM2,2.35,0.04
S782,CHEK1,SRRM2,-1.48,0.046
S1521,CHEK1,SRRM2,-2.2,1e-04
S1975,CHEK1,SRRM2,0.83,0.044
S764,CHEK1,SRRM2,-1.57,0.01
S1579,CHEK1,SRRM2,-0.94,0.011
S2071,MTOR,SRRM2,-1.71,0.0049
S1589,CHEK1,SRRM2,-2.11,0.0028
S1592,CHEK1,SRRM2,-2.11,0.0028
S1589,MTOR,SRRM2,-2.11,0.0028
S954,MTOR,SRRM2,-1.42,0.0044
S353,CHEK1,SRRM2,-2.78,0.0012
S763,CHEK1,SRRM2,-1.57,0.01
T2069,CHEK1,SRRM2,-1.71,0.0049
S144,CHEK1,SRRM2,-1.94,0.031
S1497,MTOR,SRRM2,-2.37,0.0024
T792,MTOR,SRRM2,0.89,0.0039
S876,CHEK1,SRRM2,1.42,0.00014
T1434,CHEK1,SRRM2,-0.9,0.045
S2071,CHEK1,SRRM2,-1.71,0.0049
S2100,CHEK1,SRRM2,-1.38,0.049
S2100,MTOR,SRRM2,-1.38,0.049
S1592,MTOR,SRRM2,-2.11,0.0028
S1729,MTOR,SRRM2,2.35,0.04
S2102,MTOR,SRRM2,-1.96,0.011
S780,CHEK1,SRRM2,-1.48,0.046
S1975,MTOR,SRRM2,0.83,0.044
S1749,CHEK1,SRRM2,-2.37,0.00072
S954,CHEK1,SRRM2,-1.42,0.0044
S1750,MTOR,SRRM2,-2.37,0.00072
S1537,MTOR,SRRM2,-1.81,0.00053
S1537,CHEK1,SRRM2,-1.81,0.00053
S883,MTOR,SRRM2,0.77,0.021
S2046,CHEK1,SRRM2,-1.7,0.001
S782,MTOR,SRRM2,-1.48,0.046
S1729,CHEK1,SRRM2,2.35,0.04
S876,MTOR,SRRM2,1.42,0.00014
S2382,CHEK1,SRRM2,-2.32,0.00021
S1497,CHEK1,SRRM2,-2.37,0.0024
S875,MTOR,SRRM2,0.96,0.0052
S1731,CHEK1,SRRM2,2.35,0.04
S1727,MTOR,SRRM2,2.35,0.04
S1581,MTOR,SRRM2,-0.94,0.011
S952,MTOR,SRRM2,-0.83,0.0072
S790,MTOR,SRRM2,0.89,0.0039
S2046,MTOR,SRRM2,-1.7,0.001
S957,MTOR,SRRM2,-1.88,0.018
S1522,MTOR,SRRM2,-1.48,0.0072
S763,MTOR,SRRM2,-1.57,0.01
T1413,CHEK1,SRRM2,-1.36,1.4e-05
S1732,MTOR,SRRM2,2.35,0.04
T1413,MTOR,SRRM2,-1.36,1.4e-05
S1749,MTOR,SRRM2,-2.37,0.00072
S2581,MTOR,SRRM2,1.42,0.0026
S144,MTOR,SRRM2,-1.94,0.031
S1864,MTOR,SRRM2,-1.3,0.039
S2581,CHEK1,SRRM2,1.42,0.0026
T1434,MTOR,SRRM2,-0.9,0.045
S1600,MTOR,SRRM2,-1.19,0.029
T1492,MTOR,SRRM2,-2.37,0.0024
S780,MTOR,SRRM2,-1.48,0.046
S1188,MTOR,SRRM2,0.94,0.019
S1179,MTOR,SRRM2,-0.58,0.036
S875,CHEK1,SRRM2,0.96,0.0052
S764,MTOR,SRRM2,-1.57,0.01
S957,CHEK1,SRRM2,-1.88,0.018
S2382,MTOR,SRRM2,-2.32,0.00021
T2104,MTOR,SRRM2,-1.96,0.011
A422,CSNK2A1,CTDP1,1.34,0.00022
S56,AKT1,RBM8A,3.25,3.9e-07
S42,AKT1,RBM8A,0.54,0.017
